Workbook

Sheet STOCK
A1: Product ID | B1: Product Name | C1: Opening Stock | D1: Price (₹) | E1: Stock sold | F1: Available stock | G1: Stock Status
A2: P001 | B2: Rice | C2: 50 | D2: 60 | E2: =SUMIF(BILLING!$A$2:$A$100,B2,BILLING!$B$2:$B$100) -> 5 | F2: =C2-E2 -> 45 | G2: =IF(F2<=10,"Low Stock","Available") -> Available
A3: P002 | B3: Oil | C3: 30 | D3: 50 | E3: =SUMIF(BILLING!$A$2:$A$100,B3,BILLING!$B$2:$B$100) -> 25 | F3: =C3-E3 -> 5 | G3: =IF(F3<=10,"Low Stock","Available") -> Low Stock
A4: P003 | B4: Sugar | C4: 40 | D4: 45 | E4: =SUMIF(BILLING!$A$2:$A$100,B4,BILLING!$B$2:$B$100) -> 3 | F4: =C4-E4 -> 37 | G4: =IF(F4<=10,"Low Stock","Available") -> Available
A5: P004 | B5: Biscuit | C5: 60 | D5: 20 | E5: =SUMIF(BILLING!$A$2:$A$100,B5,BILLING!$B$2:$B$100) -> 2 | F5: =C5-E5 -> 58 | G5: =IF(F5<=10,"Low Stock","Available") -> Available
A6: P005 | B6: Milk | C6: 25 | D6: 30 | E6: =SUMIF(BILLING!$A$2:$A$100,B6,BILLING!$B$2:$B$100) -> 0 | F6: =C6-E6 -> 25 | G6: =IF(F6<=10,"Low Stock","Available") -> Available

Sheet BILLING
A1: Product Name | B1: Quantity | C1: Price | D1: Total | F1: CUSTOMER_NAME | G1: KAVIBALA S
A2: Rice | B2: 5 | C2: =VLOOKUP(A2,STOCK!$B$2:$D$6,3,FALSE) -> 60 | D2: =B2*C2 -> 300 | F2: BILL NUMBER | G2: 1002
A3: Oil | B3: 25 | C3: =VLOOKUP(A3,STOCK!$B$2:$D$6,3,FALSE) -> 50 | D3: =B3*C3 -> 1250 | F3: BILL DATE | G3: =TODAY() -> 46311
A4: Sugar | B4: 3 | C4: =VLOOKUP(A4,STOCK!$B$2:$D$6,3,FALSE) -> 45 | D4: =B4*C4 -> 135 | F4: PREVIOUS BILL NO. | G4: 1
A5: Biscuit | B5: 2 | C5: =VLOOKUP(A5,STOCK!$B$2:$D$6,3,FALSE) -> 20 | D5: =B5*C5 -> 40
A6: Grand Total | D6: =SUM(D2:D5) -> 1725

Sheet Dashboard
A1: KAVI_DIGITAL_SOLUTIONS
A2: INVENTORY & BILLING DASHBOARD
A4: TOTAL PRODUCTS | C4: TOTAL OPENING STOCKS | E4: LOW STOCK ITEM | G4: BILLING TOTAL
A5: =COUNTA(STOCK!B2:B6) -> 5 | C5: =SUM(STOCK!C2:C6) -> 205 | E5: =COUNTIF(STOCK!G2:G6,"Low Stock") -> 1 | G5: =BILLING!D6 -> 1725
A8: PRODUCT NAME | B8: AVAILABLE STOCK
A9: =STOCK!B2 -> Rice | B9: =STOCK!F2 -> 45
A10: =STOCK!B3 -> Oil | B10: =STOCK!F3 -> 5
A11: =STOCK!B4 -> Sugar | B11: =STOCK!F4 -> 37
A12: =STOCK!B5 -> Biscuit | B12: =STOCK!F5 -> 58
A13: =STOCK!B6 -> Milk | B13: =STOCK!F6 -> 25

Sheet BILL HISTORY
A1: BILL NUMBER | B1: DATE | C1: CUSTOMER NAME | D1: TOTAL AMOUNT
A2: 1001 | B2: 46311 | C2: KAVIBALA S | D2: 1725
